{
  "IcoMoonType": "selection",
  "icons": [
    {
      "icon": {
        "paths": [
          "M1024 321.536l-145.237-150.869-366.763 380.928-366.763-380.928-145.237 150.869 512 531.797 512-531.797z"
        ],
        "attrs": [
          {
            "fill": "rgb(74, 144, 226)"
          }
        ],
        "isMulticolor": false,
        "isMulticolor2": false,
        "grid": 0,
        "tags": [
          "arrow-down"
        ],
        "colorPermutations": {
          "2032132251245166351255121136125525525516511751741442261941582341": [
            {
              "f": 2
            }
          ]
        }
      },
      "attrs": [
        {
          "fill": "rgb(74, 144, 226)"
        }
      ],
      "properties": {
        "order": 2,
        "id": 23,
        "name": "arrow-down",
        "prevSize": 32
      },
      "setIdx": 0,
      "setId": 5,
      "iconIdx": 0
    },
    {
      "icon": {
        "paths": [
          "M702.464 1024l150.869-145.237-380.928-366.763 380.928-366.763-150.869-145.237-531.797 512 531.797 512z"
        ],
        "attrs": [
          {
            "fill": "rgb(74, 144, 226)"
          }
        ],
        "isMulticolor": false,
        "isMulticolor2": false,
        "grid": 0,
        "tags": [
          "arrow-left"
        ],
        "colorPermutations": {
          "2032132251245166351255121136125525525516511751741442261941582341": [
            {
              "f": 2
            }
          ]
        }
      },
      "attrs": [
        {
          "fill": "rgb(74, 144, 226)"
        }
      ],
      "properties": {
        "order": 3,
        "id": 22,
        "name": "arrow-left",
        "prevSize": 32
      },
      "setIdx": 0,
      "setId": 5,
      "iconIdx": 1
    },
    {
      "icon": {
        "paths": [
          "M321.536 0l-150.869 145.237 380.928 366.763-380.928 366.763 150.869 145.237 531.797-512-531.797-512z"
        ],
        "attrs": [
          {
            "fill": "rgb(74, 144, 226)"
          }
        ],
        "isMulticolor": false,
        "isMulticolor2": false,
        "grid": 0,
        "tags": [
          "arrow-rigth"
        ],
        "colorPermutations": {
          "2032132251245166351255121136125525525516511751741442261941582341": [
            {
              "f": 2
            }
          ]
        }
      },
      "attrs": [
        {
          "fill": "rgb(74, 144, 226)"
        }
      ],
      "properties": {
        "order": 4,
        "id": 21,
        "name": "arrow-rigth",
        "prevSize": 32
      },
      "setIdx": 0,
      "setId": 5,
      "iconIdx": 2
    },
    {
      "icon": {
        "paths": [
          "M1024 702.464l-145.237 150.869-366.763-380.928-366.763 380.928-145.237-150.869 512-531.797 512 531.797z"
        ],
        "attrs": [
          {
            "fill": "rgb(74, 144, 226)"
          }
        ],
        "isMulticolor": false,
        "isMulticolor2": false,
        "grid": 0,
        "tags": [
          "arrow-up"
        ],
        "colorPermutations": {
          "2032132251245166351255121136125525525516511751741442261941582341": [
            {
              "f": 2
            }
          ]
        }
      },
      "attrs": [
        {
          "fill": "rgb(74, 144, 226)"
        }
      ],
      "properties": {
        "order": 5,
        "id": 20,
        "name": "arrow-up",
        "prevSize": 32
      },
      "setIdx": 0,
      "setId": 5,
      "iconIdx": 3
    },
    {
      "icon": {
        "paths": [
          "M256 128v-85.333 0c0-23.564-19.103-42.667-42.667-42.667s-42.667 19.103-42.667 42.667v85.333 0c0 23.564 19.103 42.667 42.667 42.667s42.667-19.103 42.667-42.667zM768 0c-23.564 0-42.667 19.103-42.667 42.667v0 85.333c0 23.564 19.103 42.667 42.667 42.667s42.667-19.103 42.667-42.667v0-85.333c0-23.564-19.103-42.667-42.667-42.667v0zM768 725.333v-128h-42.667v170.667h128v-42.667h-85.333zM746.667 938.667c-105.99-0.121-191.879-86.010-192-191.989l-0-0.011c0-105.856 86.144-192 192-192s192 86.144 192 192-86.144 192-192 192zM1024 746.667c0 153.167-124.166 277.333-277.333 277.333s-277.333-124.166-277.333-277.333v0c0-153.167 124.166-277.333 277.333-277.333s277.333 124.166 277.333 277.333v0zM85.333 896h331.221c14.080 31.019 32.299 59.691 54.101 85.333h-470.656v-896h128v38.827c0 37.248 21.803 73.216 57.259 84.651 8.28 2.934 17.83 4.63 27.776 4.63 47.226 0 85.523-38.23 85.632-85.43l0-0.010v-42.667h384v38.827c0 37.248 21.803 73.216 57.259 84.651 8.28 2.934 17.83 4.63 27.776 4.63 47.226 0 85.523-38.23 85.632-85.43l0-0.010v-42.667h128v385.323c-24.631-21.039-52.725-39.133-83.080-53.167l-2.253-0.934v-75.221h-810.667v554.667z"
        ],
        "attrs": [
          {
            "fill": "rgb(203, 213, 225)"
          }
        ],
        "isMulticolor": false,
        "isMulticolor2": false,
        "grid": 0,
        "tags": [
          "calendare"
        ],
        "colorPermutations": {
          "2032132251245166351255121136125525525516511751741442261941582341": [
            {
              "f": 5
            }
          ]
        }
      },
      "attrs": [
        {
          "fill": "rgb(203, 213, 225)"
        }
      ],
      "properties": {
        "order": 6,
        "id": 19,
        "name": "calendare",
        "prevSize": 32
      },
      "setIdx": 0,
      "setId": 5,
      "iconIdx": 4
    },
    {
      "icon": {
        "paths": [
          "M745.429 628.48v-523.52h56.917c29.269 0 52.949-23.467 52.949-52.48s-23.68-52.48-52.907-52.48h-580.779c-29.269 0-52.949 23.467-52.949 52.48s23.68 52.48 52.907 52.48h57.045v523.52l-162.133 356.693h279.168c9.813-17.451 22.059-33.621 36.693-48.128 39.383-39.183 93.684-63.404 153.642-63.404 0.27 0 0.541 0 0.811 0.001l-0.042-0c58.325 0 113.152 22.485 154.411 63.403 14.592 14.507 26.88 30.72 36.693 48.128h129.621l-162.048-356.693z"
        ],
        "attrs": [
          {
            "fill": "rgb(65, 117, 5)"
          }
        ],
        "isMulticolor": false,
        "isMulticolor2": false,
        "grid": 0,
        "tags": [
          "categories-chemistry"
        ],
        "colorPermutations": {
          "2032132251245166351255121136125525525516511751741442261941582341": [
            {
              "f": 0
            }
          ]
        }
      },
      "attrs": [
        {
          "fill": "rgb(65, 117, 5)"
        }
      ],
      "properties": {
        "order": 7,
        "id": 18,
        "name": "categories-chemistry",
        "prevSize": 32
      },
      "setIdx": 0,
      "setId": 5,
      "iconIdx": 5
    },
    {
      "icon": {
        "paths": [
          "M1024 90.355v150.555h-1024v-150.555c-0-0.024-0-0.053-0-0.081 0-49.762 40.263-90.12 89.99-90.273l0.015-0h843.992c49.741 0.153 90.004 40.511 90.004 90.273 0 0.029-0 0.057-0 0.086l0-0.005zM872.017 120.455h-180.008c-16.573 0-30.019 13.474-30.019 30.1s13.447 30.127 30.019 30.127h180.008c16.546 0 29.992-13.474 29.992-30.127 0-16.627-13.447-30.1-30.019-30.1zM392.003 120.455c-16.573 0-29.992 13.474-29.992 30.1 0 16.653 13.42 30.127 29.992 30.127s29.992-13.501 29.992-30.127c0-16.627-13.42-30.1-29.992-30.1zM301.999 150.555c0-16.627-13.42-30.1-29.992-30.1s-30.019 13.474-30.019 30.1 13.447 30.127 30.019 30.127c16.573 0 29.992-13.474 29.992-30.127zM151.983 120.482c-16.573 0-30.019 13.474-30.019 30.1 0 16.653 13.447 30.127 30.019 30.127s30.019-13.501 30.019-30.127c0-16.627-13.447-30.1-29.992-30.1zM0 301.191v632.455c-0 0.024-0 0.053-0 0.081 0 49.762 40.263 90.12 89.99 90.273l0.015 0h843.992c49.741-0.153 90.004-40.511 90.004-90.273 0-0.029-0-0.057-0-0.086l0 0.005v-632.455h-1024zM350.747 729.411c6.896 5.578 11.27 14.039 11.27 23.521 0 7.142-2.48 13.704-6.627 18.872l0.046-0.059c-5.527 6.921-13.965 11.317-23.429 11.317-7.122 0-13.663-2.489-18.8-6.645l0.056 0.044-150.016-120.455c-6.899-5.578-11.274-14.040-11.274-23.525s4.375-17.947 11.217-23.48l0.057-0.045 150.016-120.455c5.083-4.118 11.628-6.611 18.756-6.611 9.457 0 17.889 4.389 23.37 11.241l0.046 0.060c4.092 5.106 6.568 11.662 6.568 18.796 0 9.477-4.368 17.933-11.2 23.467l-0.057 0.044-120.724 96.984 120.724 96.93zM449.563 855.148c-6.494 15.279-24.145 22.393-39.37 15.818l-0.193-0.076c-10.596-4.684-17.99-15.287-17.99-27.618 0-4.277 0.89-8.346 2.419-11.838l180.008-421.645 0.075-0.194c4.609-10.618 15.187-18.043 27.5-18.043 4.262 0 8.317 0.89 11.795 2.419l0.193 0.076c10.596 4.684 17.99 15.287 17.99 27.618 0 4.277-0.89 8.346-2.419 11.838l-180.008 421.645zM860.753 656.007l-150.016 120.455c-5.080 4.112-11.621 6.601-18.743 6.601-9.464 0-17.902-4.396-23.383-11.257l-0.046-0.060c-4.092-5.106-6.568-11.662-6.568-18.796 0-9.477 4.368-17.933 11.2-23.467l0.057-0.044 120.724-96.957-120.724-96.957c-6.896-5.578-11.27-14.039-11.27-23.521 0-7.142 2.48-13.704 6.627-18.872l-0.046 0.059c5.527-6.921 13.965-11.317 23.429-11.317 7.122 0 13.663 2.489 18.8 6.645l-0.056-0.044 150.016 120.455c6.899 5.578 11.274 14.040 11.274 23.525s-4.375 17.947-11.217 23.48l-0.057 0.045z"
        ],
        "attrs": [
          {
            "fill": "rgb(255, 121, 136)"
          }
        ],
        "isMulticolor": false,
        "isMulticolor2": false,
        "grid": 0,
        "tags": [
          "categories-informatics"
        ],
        "colorPermutations": {
          "2032132251245166351255121136125525525516511751741442261941582341": [
            {
              "f": 4
            }
          ]
        }
      },
      "attrs": [
        {
          "fill": "rgb(255, 121, 136)"
        }
      ],
      "properties": {
        "order": 8,
        "id": 17,
        "name": "categories-informatics",
        "prevSize": 32
      },
      "setIdx": 0,
      "setId": 5,
      "iconIdx": 6
    },
    {
      "icon": {
        "paths": [
          "M117.329 0c-64.799 0-117.329 52.53-117.329 117.329v0 373.329h490.658v-490.658h-373.329zM309.329 288.013h-42.658v42.658c-0.517 17.276-14.646 31.085-32 31.085s-31.483-13.808-31.999-31.037l-0.001-0.048v-42.685h-42.658c-17.106-0.724-30.7-14.768-30.7-31.987s13.594-31.262 30.635-31.984l0.065-0.002h42.631v-42.685c0.517-17.276 14.646-31.085 32-31.085s31.483 13.808 31.999 31.037l0.001 0.048v42.658h42.658c17.681 0 32.013 14.333 32.013 32.013s-14.333 32.013-32.013 32.013l0-0zM0 533.315v373.329c-0 0.008-0 0.017-0 0.027 0 64.799 52.53 117.329 117.329 117.329h373.329v-490.658h-490.658zM321.267 809.364c5.134 5.657 8.277 13.202 8.277 21.481 0 17.681-14.333 32.013-32.013 32.013-8.279 0-15.825-3.143-21.508-8.301l0.027 0.024-30.72-30.72-30.72 30.72c-5.782 5.796-13.776 9.382-22.609 9.382s-16.827-3.586-22.608-9.381l-0.001-0.001c-5.793-5.793-9.375-13.796-9.375-22.636s3.583-16.843 9.375-22.636l30.72-30.72-30.72-30.72c-5.93-5.815-9.606-13.91-9.606-22.864 0-17.681 14.333-32.013 32.013-32.013 8.954 0 17.049 3.676 22.859 9.601l0.005 0.005 30.72 30.72 30.72-30.72c5.815-5.93 13.91-9.606 22.864-9.606 17.681 0 32.013 14.333 32.013 32.013 0 8.954-3.676 17.049-9.601 22.859l-0.005 0.005-30.72 30.72 30.612 30.774zM533.369 0h373.329c64.787 0.015 117.302 52.539 117.302 117.329v373.329h-490.658v-490.658zM693.356 277.342h192c17.276-0.517 31.085-14.646 31.085-32s-13.808-31.483-31.037-31.999l-0.048-0.001h-192c-17.276 0.517-31.085 14.646-31.085 32s13.808 31.483 31.037 31.999l0.048 0.001zM533.342 1024h373.329v0c64.799 0 117.329-52.53 117.329-117.329v-373.329h-490.658v490.658zM682.658 874.658l-0.048-0.001c-17.229-0.516-31.037-14.645-31.037-31.999s13.808-31.483 31.085-32h192l0.048 0.001c17.229 0.516 31.037 14.645 31.037 31.999s-13.808 31.483-31.085 32h-192zM874.658 746.658h-192c-17.276-0.517-31.085-14.646-31.085-32s13.808-31.483 31.037-31.999l0.048-0.001h192c17.276 0.517 31.085 14.646 31.085 32s-13.808 31.483-31.037 31.999l-0.048 0.001z"
        ],
        "attrs": [
          {
            "fill": "rgb(74, 144, 226)"
          }
        ],
        "isMulticolor": false,
        "isMulticolor2": false,
        "grid": 0,
        "tags": [
          "categories-math"
        ],
        "colorPermutations": {
          "2032132251245166351255121136125525525516511751741442261941582341": [
            {
              "f": 2
            }
          ]
        }
      },
      "attrs": [
        {
          "fill": "rgb(74, 144, 226)"
        }
      ],
      "properties": {
        "order": 9,
        "id": 16,
        "name": "categories-math",
        "prevSize": 32
      },
      "setIdx": 0,
      "setId": 5,
      "iconIdx": 7
    },
    {
      "icon": {
        "paths": [
          "M671.040 144.256c0.811 2.133 1.728 4.203 2.773 6.251-61.983 14.546-115.945 33.329-167.216 56.952l5.403-2.232c-45.863-21.398-99.817-40.188-155.875-53.551l-5.917-1.19c0.768-2.155 1.685-4.267 2.752-6.251 43.264-91.755 101.035-144.235 159.040-144.235 58.027 0 115.776 52.48 159.040 144.256zM727.573 332.757c-48.633-37.039-103.514-71.674-161.354-101.357l-6.219-2.899c36.246-15.407 79.448-29.256 124.098-39.275l5.203-0.981c15.701 41.024 28.989 89.607 37.582 139.793l0.668 4.719zM736.064 180.011c-2.261 0.213-4.523 0.533-6.741 0.981 20.031 54.39 35.477 117.957 43.568 183.799l0.422 4.212c41.003 34.195 77.734 70.433 111.26 109.502l1.038 1.239c7.744-10.496 14.997-21.248 21.76-32 53.995-85.76 67.008-162.987 36.011-211.499-31.275-48.747-106.795-69.248-207.317-56.256zM334.699 188.245c44.203 9.6 87.467 23.083 129.28 40.256-39.295 19.941-71.284 38.462-102.24 58.446l4.469-2.702c-27.873 17.965-50.608 33.937-72.738 50.67l2.978-2.158c8.192-49.28 20.992-97.643 38.251-144.512zM860.608 512c-25.728-30.772-52.302-58.522-80.619-84.396l-0.661-0.596c1.984 27.733 2.987 56.235 2.987 84.992s-1.003 57.003-2.987 84.992c28.975-26.472 55.549-54.222 80.186-83.649l1.094-1.343zM512 565.995c0.003 0 0.007 0 0.011 0 29.826 0 54.005-24.179 54.005-54.005 0-29.823-24.173-53.999-53.994-54.005l-0.001-0c-0.003-0-0.007-0-0.011-0-29.826 0-54.005 24.179-54.005 54.005 0 29.823 24.173 53.999 53.994 54.005l0.001 0zM288.427 389.739c64.935-52.824 138.359-99.661 216.898-137.575l6.675-2.905c48.612 22.997 89.257 45.896 128.152 71.255l-4.12-2.519c38.156 24.674 70.611 48.287 101.744 73.469l-2.203-1.725c4.544 40.597 6.805 81.408 6.741 122.261 0.001 0.46 0.001 1.005 0.001 1.55 0 42.522-2.449 84.472-7.215 125.716l0.472-5.027c-29.098 23.817-61.561 47.438-95.333 69.204l-4.209 2.54c-34.781 22.855-75.427 45.761-117.604 65.981l-6.428 2.776c-48.684-23.108-89.326-46.011-128.252-71.331l4.22 2.573c-38.139-24.659-70.586-48.272-101.708-73.458l2.188 1.714c-4.3-36.681-6.754-79.174-6.754-122.24s2.454-85.561 7.229-127.349l-0.475 5.109zM418.005 512c0 51.929 42.097 94.027 94.027 94.027s94.027-42.097 94.027-94.027v0c0-51.929-42.097-94.027-94.027-94.027s-94.027 42.097-94.027 94.027v-0zM689.28 835.755c-49.806-10.953-93.003-24.803-134.372-42.15l5.092 1.894c39.266-19.922 71.255-38.449 102.204-58.449l-4.434 2.684c27.882-17.965 50.618-33.931 72.749-50.655l-2.989 2.164c-9.265 54.908-22.552 103.491-40.064 150.004l1.814-5.492zM350.187 873.493c1.024 2.048 1.941 4.117 2.752 6.251 43.285 91.755 101.056 144.256 159.061 144.256 58.027 0 115.776-52.48 159.040-144.256 1.067-2.005 1.984-4.096 2.773-6.251-61.98-14.548-115.942-33.338-167.21-56.972l5.397 2.231c-45.866 21.404-99.82 40.193-155.88 53.553l-5.912 1.189zM773.291 654.997c40.948-34.26 77.675-70.493 111.26-109.507l1.038-1.234c7.744 10.731 14.997 21.248 21.76 32.235 53.995 85.76 67.264 162.773 36.011 211.499-31.275 48.747-106.795 69.013-207.317 56.021-1.131-0.128-2.261-0.32-3.392-0.512-1.109-0.192-2.24-0.384-3.349-0.512 20.48-56.491 35.243-120.235 43.989-187.989zM138.389 479.744c34.621-40.247 71.34-76.479 110.806-109.542l1.472-1.2c8.747-67.755 23.531-131.499 44.032-188.011-1.152-0.128-2.304-0.32-3.456-0.512-1.109-0.171-2.197-0.363-3.307-0.491-16.984-2.31-36.673-3.665-56.665-3.733l-0.082-0c-72.043 0-125.547 20.992-150.571 59.989-31.253 48.747-17.984 125.76 36.032 211.499 6.741 10.752 13.995 21.269 21.76 32zM116.629 576.256c8.025-12.794 15.196-23.227 22.734-33.371l-0.974 1.371c34.361 40.4 71.103 76.581 110.792 109.317l1.485 1.189c8.536 70.055 23.995 133.611 45.956 194.047l-1.924-6.058c-2.24 0.448-4.48 0.789-6.763 1.003-100.523 13.227-176.043-7.253-207.317-56-30.997-48.512-17.984-125.76 36.032-211.499zM366.208 739.733c-27.677-17.745-50.415-33.713-72.505-50.49l2.745 1.999c9.26 54.904 22.547 103.487 40.063 149.998l-1.812-5.486c49.845-11 93.040-24.849 134.424-42.165l-5.144 1.909c-39.273-19.928-71.263-38.456-102.213-58.454l4.443 2.689zM244.672 597.013c-28.97-26.471-55.538-54.228-80.162-83.666l-1.097-1.348c25.722-30.776 52.297-58.527 80.619-84.396l0.661-0.596c-1.903 25.208-2.987 54.598-2.987 84.241 0 0.264 0 0.528 0 0.793l-0-0.042c0 28.757 0.981 57.237 2.987 84.992z"
        ],
        "attrs": [
          {
            "fill": "rgb(245, 166, 35)"
          }
        ],
        "isMulticolor": false,
        "isMulticolor2": false,
        "grid": 0,
        "tags": [
          "categories-physics"
        ],
        "colorPermutations": {
          "2032132251245166351255121136125525525516511751741442261941582341": [
            {
              "f": 1
            }
          ]
        }
      },
      "attrs": [
        {
          "fill": "rgb(245, 166, 35)"
        }
      ],
      "properties": {
        "order": 10,
        "id": 15,
        "name": "categories-physics",
        "prevSize": 32
      },
      "setIdx": 0,
      "setId": 5,
      "iconIdx": 8
    },
    {
      "icon": {
        "paths": [
          "M131.556-188.444h760.889c56.947 0 103.111 46.164 103.111 103.111v995.556c0 56.947-46.164 103.111-103.111 103.111h-760.889c-56.947 0-103.111-46.164-103.111-103.111v-995.556c0-56.947 46.164-103.111 103.111-103.111z"
        ],
        "attrs": [
          {
            "fill": "none",
            "stroke": "rgb(94, 158, 234)",
            "strokeLinejoin": "miter",
            "strokeLinecap": "butt",
            "strokeMiterlimit": "4",
            "strokeWidth": 21.333333333333332
          }
        ],
        "isMulticolor": false,
        "isMulticolor2": false,
        "grid": 0,
        "tags": [
          "decor-cube-line"
        ],
        "colorPermutations": {
          "2032132251245166351255121136125525525516511751741442261941582341": [
            {
              "s": 3
            }
          ]
        }
      },
      "attrs": [
        {
          "fill": "none",
          "stroke": "rgb(94, 158, 234)",
          "strokeLinejoin": "miter",
          "strokeLinecap": "butt",
          "strokeMiterlimit": "4",
          "strokeWidth": 21.333333333333332
        }
      ],
      "properties": {
        "order": 11,
        "id": 14,
        "name": "decor-cube-line",
        "prevSize": 32
      },
      "setIdx": 0,
      "setId": 5,
      "iconIdx": 9
    },
    {
      "icon": {
        "paths": [
          "M943.686 512c0 238.414-193.273 431.686-431.686 431.686s-431.686-193.273-431.686-431.686c0-238.414 193.273-431.686 431.686-431.686s431.686 193.273 431.686 431.686z"
        ],
        "attrs": [
          {
            "fill": "none",
            "stroke": "rgb(94, 158, 234)",
            "strokeLinejoin": "miter",
            "strokeLinecap": "butt",
            "strokeMiterlimit": "4",
            "strokeWidth": 160.62745098039215
          }
        ],
        "isMulticolor": false,
        "isMulticolor2": false,
        "grid": 0,
        "tags": [
          "decor-oval"
        ],
        "colorPermutations": {
          "2032132251245166351255121136125525525516511751741442261941582341": [
            {
              "s": 3
            }
          ]
        }
      },
      "attrs": [
        {
          "fill": "none",
          "stroke": "rgb(94, 158, 234)",
          "strokeLinejoin": "miter",
          "strokeLinecap": "butt",
          "strokeMiterlimit": "4",
          "strokeWidth": 160.62745098039215
        }
      ],
      "properties": {
        "order": 12,
        "id": 13,
        "name": "decor-oval",
        "prevSize": 32
      },
      "setIdx": 0,
      "setId": 5,
      "iconIdx": 10
    },
    {
      "icon": {
        "paths": [
          "M362.688 341.312h-170.688v170.688h170.688v512h256v-512h155.264l15.36-170.688h-170.624v-71.040c0-40.832 8.192-56.96 47.616-56.96h123.008v-213.312h-205.12c-153.408 0-221.504 67.584-221.504 196.928v144.384z"
        ],
        "attrs": [
          {
            "fill": "rgb(255, 255, 255)"
          }
        ],
        "isMulticolor": false,
        "isMulticolor2": false,
        "grid": 0,
        "tags": [
          "facebook"
        ],
        "colorPermutations": {
          "2032132251245166351255121136125525525516511751741442261941582341": [
            {
              "f": 6
            }
          ]
        }
      },
      "attrs": [
        {
          "fill": "rgb(255, 255, 255)"
        }
      ],
      "properties": {
        "order": 13,
        "id": 12,
        "name": "facebook",
        "prevSize": 32
      },
      "setIdx": 0,
      "setId": 5,
      "iconIdx": 11
    },
    {
      "icon": {
        "paths": [
          "M785.6 173.013l-65.856 66.645c116.523 61.525 197.589 184.533 197.589 322.965 0 199.936-157.077 358.848-354.667 358.848-177.344 0-324.267-133.291-349.589-307.584h-81.067c-15.211 0-25.344-10.24-25.344-25.621v-51.264c0-15.381 10.133-25.643 25.344-25.643h253.312c15.211 0 25.344 10.24 25.344 25.643v51.243c0 15.381-10.133 25.643-25.344 25.643h-70.891c25.323 117.909 126.656 205.056 248.256 205.056 141.867 0 253.333-112.789 253.333-256.32 0-112.789-70.933-205.056-172.267-240.939l-106.411 107.648c-10.133 10.24-25.323 10.24-35.456 0l-20.267-20.501-45.589 46.144c-10.155 10.24-25.344 10.24-35.477 0l-35.456-35.883c-10.155-10.261-10.155-30.763 0-41.024l45.568-41.003-15.211-20.523c-4.694-4.544-7.607-10.902-7.607-17.941s2.914-13.397 7.601-17.935l0.007-0.006 243.2-251.179c4.445-4.74 10.747-7.692 17.739-7.692s13.293 2.953 17.726 7.679l0.012 0.013 20.267 20.48 40.533-46.123c10.133-5.12 30.4-5.12 40.533 0l35.477 35.883c5.056 10.24 5.056 30.763-5.077 35.883l-40.533 46.144 20.267 15.381c4.694 4.544 7.607 10.902 7.607 17.941s-2.914 13.397-7.601 17.935l-0.007 0.006zM562.667 921.472h-288.789c-10.155 0-20.267 5.12-20.267 15.36l-40.533 51.285c-10.155 15.36 0 35.883 20.267 35.883h658.667c20.267 0 30.379-20.501 20.267-35.883l-40.533-51.264c-5.077-10.24-15.211-15.381-20.267-15.381h-288.811z"
        ],
        "attrs": [
          {
            "fill": "rgb(74, 144, 226)"
          }
        ],
        "isMulticolor": false,
        "isMulticolor2": false,
        "grid": 0,
        "tags": [
          "feature-course"
        ],
        "colorPermutations": {
          "2032132251245166351255121136125525525516511751741442261941582341": [
            {
              "f": 2
            }
          ]
        }
      },
      "attrs": [
        {
          "fill": "rgb(74, 144, 226)"
        }
      ],
      "properties": {
        "order": 14,
        "id": 11,
        "name": "feature-course",
        "prevSize": 32
      },
      "setIdx": 0,
      "setId": 5,
      "iconIdx": 12
    },
    {
      "icon": {
        "paths": [
          "M747.52 455.68c-30.72 76.8-97.28 138.24-184.32 148.48l102.4 209.92h76.8c15.36 0 25.6 10.24 25.6 25.6v158.72c0 15.36-10.24 25.6-25.6 25.6h-460.8c-15.36 0-25.6-10.24-25.6-20.48v-158.72c0-15.36 10.24-25.6 25.6-25.6h76.8l102.4-209.92c-81.92-15.36-153.6-76.8-184.32-153.6-158.72-30.72-276.48-168.96-276.48-332.8 0-40.96 30.72-71.68 71.68-71.68h184.32v-25.6c0-15.36 10.24-25.6 25.6-25.6h460.8c15.36 0 25.6 10.24 25.6 25.6v25.6h184.32c40.96 0 71.68 30.72 71.68 71.68 0 163.84-117.76 302.080-276.48 332.8zM768 153.6h153.6c-10.24 87.040-71.68 158.72-153.6 189.44v-189.44zM102.4 153.6c15.36 87.040 71.68 158.72 153.6 189.44v-189.44h-153.6z"
        ],
        "attrs": [
          {
            "fill": "rgb(74, 144, 226)"
          }
        ],
        "isMulticolor": false,
        "isMulticolor2": false,
        "grid": 0,
        "tags": [
          "feature-course-management"
        ],
        "colorPermutations": {
          "2032132251245166351255121136125525525516511751741442261941582341": [
            {
              "f": 2
            }
          ]
        }
      },
      "attrs": [
        {
          "fill": "rgb(74, 144, 226)"
        }
      ],
      "properties": {
        "order": 15,
        "id": 10,
        "name": "feature-course-management",
        "prevSize": 32
      },
      "setIdx": 0,
      "setId": 5,
      "iconIdx": 13
    },
    {
      "icon": {
        "paths": [
          "M563.2 0l204.8 204.8v768c0 30.72-20.48 51.2-51.2 51.2h-665.6c-30.72 0-51.2-20.48-51.2-51.2v-921.6c0-30.72 20.48-51.2 51.2-51.2h512zM153.6 153.6c-30.72 0-51.2 20.48-51.2 51.2s20.48 51.2 51.2 51.2h358.4c30.72 0 51.2-20.48 51.2-51.2s-20.48-51.2-51.2-51.2h-358.4zM153.6 870.4h460.8c25.6 0 51.2-20.48 51.2-51.2s-20.48-51.2-51.2-51.2h-460.8c-30.72 0-51.2 20.48-51.2 51.2s20.48 51.2 51.2 51.2zM614.4 665.6c25.6 0 51.2-20.48 51.2-51.2s-20.48-51.2-51.2-51.2h-460.8c-30.72 0-51.2 20.48-51.2 51.2s20.48 51.2 51.2 51.2h460.8zM153.6 460.8h460.8c25.6 0 51.2-20.48 51.2-51.2s-20.48-51.2-51.2-51.2h-460.8c-30.72 0-51.2 20.48-51.2 51.2s20.48 51.2 51.2 51.2zM870.4 819.2h153.6l-76.8 204.8-76.8-204.8zM896 0c-15.36 0-25.6 10.24-25.6 25.6v691.2h153.6v-691.2c0-15.36-10.24-25.6-25.6-25.6h-102.4z"
        ],
        "attrs": [
          {
            "fill": "rgb(74, 144, 226)"
          }
        ],
        "isMulticolor": false,
        "isMulticolor2": false,
        "grid": 0,
        "tags": [
          "feature-managing"
        ],
        "colorPermutations": {
          "2032132251245166351255121136125525525516511751741442261941582341": [
            {
              "f": 2
            }
          ]
        }
      },
      "attrs": [
        {
          "fill": "rgb(74, 144, 226)"
        }
      ],
      "properties": {
        "order": 16,
        "id": 9,
        "name": "feature-managing",
        "prevSize": 32
      },
      "setIdx": 0,
      "setId": 5,
      "iconIdx": 14
    },
    {
      "icon": {
        "paths": [
          "M106.667 256l405.333-256 405.333 256-152 97.28c0 143.36-111.467 256-253.333 256s-253.333-112.64-253.333-256l-152-97.28zM512 926.72l126.677-240.64c146.923 46.080 253.333 179.2 278.656 337.92h-805.611c20.267-158.72 126.677-291.84 273.6-337.92l126.677 240.64z"
        ],
        "attrs": [
          {
            "fill": "rgb(74, 144, 226)"
          }
        ],
        "isMulticolor": false,
        "isMulticolor2": false,
        "grid": 0,
        "tags": [
          "feature-messaging"
        ],
        "colorPermutations": {
          "2032132251245166351255121136125525525516511751741442261941582341": [
            {
              "f": 2
            }
          ]
        }
      },
      "attrs": [
        {
          "fill": "rgb(74, 144, 226)"
        }
      ],
      "properties": {
        "order": 17,
        "id": 8,
        "name": "feature-messaging",
        "prevSize": 32
      },
      "setIdx": 0,
      "setId": 5,
      "iconIdx": 15
    },
    {
      "icon": {
        "paths": [
          "M512 0c-139.072 0-156.416 0.64-211.136 3.2-185.984 8.448-289.28 111.616-297.792 297.6-2.496 54.784-3.072 72.192-3.072 211.2 0 139.072 0.64 156.48 3.072 211.136 8.512 185.92 111.808 289.28 297.792 297.792 54.72 2.496 72.064 3.072 211.136 3.072s156.48-0.64 211.2-3.072c185.664-8.512 289.344-111.68 297.728-297.792 2.496-54.656 3.072-72.064 3.072-211.136 0-139.008-0.64-156.416-3.072-211.136-8.32-185.664-111.68-289.28-297.728-297.664-54.72-2.56-72.128-3.2-211.2-3.2zM512 92.352c136.704 0 152.96 0.512 206.912 2.944 138.88 6.336 203.52 72.128 209.92 209.856 2.432 54.016 2.944 70.144 2.944 206.848s-0.512 152.96-2.944 206.848c-6.4 137.6-70.976 203.584-209.92 209.92-54.016 2.368-70.144 3.008-206.912 3.008-136.704 0-152.96-0.512-206.848-3.008-139.072-6.4-203.52-72.448-209.92-209.92-2.368-53.952-3.008-70.144-3.008-206.848s0.64-152.96 3.008-206.848c6.336-137.792 71.040-203.584 209.92-209.92 53.952-2.496 70.144-2.88 206.848-2.88zM249.088 512c-0-145.202 117.71-262.912 262.912-262.912s262.912 117.71 262.912 262.912v0c0 145.202-117.71 262.912-262.912 262.912s-262.912-117.71-262.912-262.912v0zM512 682.688c-94.268 0-170.688-76.42-170.688-170.688s76.42-170.688 170.688-170.688v0c1.392-0.041 3.031-0.064 4.675-0.064 94.304 0 170.752 76.448 170.752 170.752s-76.448 170.752-170.752 170.752c-1.644 0-3.282-0.023-4.915-0.069l0.24 0.005zM723.84 238.784c-0-33.932 27.508-61.44 61.44-61.44s61.44 27.508 61.44 61.44v0c0 33.932-27.508 61.44-61.44 61.44s-61.44-27.508-61.44-61.44h0z"
        ],
        "attrs": [
          {
            "fill": "rgb(255, 255, 255)"
          }
        ],
        "isMulticolor": false,
        "isMulticolor2": false,
        "grid": 0,
        "tags": [
          "instagram"
        ],
        "colorPermutations": {
          "2032132251245166351255121136125525525516511751741442261941582341": [
            {
              "f": 6
            }
          ]
        }
      },
      "attrs": [
        {
          "fill": "rgb(255, 255, 255)"
        }
      ],
      "properties": {
        "order": 18,
        "id": 7,
        "name": "instagram",
        "prevSize": 32
      },
      "setIdx": 0,
      "setId": 5,
      "iconIdx": 16
    },
    {
      "icon": {
        "paths": [
          "M967.968 669.2h25.472c15.28 0 25.472 10.208 30.56 25.536v51.088c0 15.328-10.192 25.536-25.472 25.536h-193.6l61.136 189.008c5.104 25.552-10.176 51.088-35.648 61.312-30.56 10.208-56.048-15.328-61.136-35.76l-71.328-219.68h-371.904l-71.328 219.68c-5.088 25.536-35.664 40.864-61.12 35.76-25.472-5.12-45.856-35.76-35.68-61.312l61.152-189.008h-193.6c-15.28 0-25.472-10.208-25.472-25.536v-51.104c0-15.328 10.192-25.536 25.472-25.536h25.472v-567.024c0-25.536 25.472-45.968 50.944-45.968h351.52l5.104-20.432c10.192-25.536 25.472-35.76 50.928-35.76s45.84 15.328 50.944 35.76l5.088 20.432h351.52c25.488 0 50.944 20.432 50.944 45.968v567.040zM662.288 669.2h203.776v-102.176h-203.776v102.176z"
        ],
        "attrs": [
          {
            "fill": "rgb(74, 144, 226)"
          }
        ],
        "isMulticolor": false,
        "isMulticolor2": false,
        "grid": 0,
        "tags": [
          "service- learning"
        ],
        "colorPermutations": {
          "2032132251245166351255121136125525525516511751741442261941582341": [
            {
              "f": 2
            }
          ]
        }
      },
      "attrs": [
        {
          "fill": "rgb(74, 144, 226)"
        }
      ],
      "properties": {
        "order": 19,
        "id": 6,
        "name": "service--learning",
        "prevSize": 32
      },
      "setIdx": 0,
      "setId": 5,
      "iconIdx": 17
    },
    {
      "icon": {
        "paths": [
          "M430.080 65.088c-35.84-25.68-76.8-41.088-122.88-41.088-112.64 0-204.8 92.464-204.8 205.472s92.16 205.472 204.8 205.472h15.36c-10.24-30.816-15.36-66.784-15.36-102.72 0-107.888 46.080-205.488 122.88-267.136zM665.6 589.056c141.392 0 256-114.992 256-256.848s-114.608-256.832-256-256.832-256 114.992-256 256.832c0 141.856 114.608 256.848 256 256.848zM307.2 1000c0-200.336 158.72-359.584 358.4-359.584s358.4 159.264 358.4 359.584h-716.8zM307.2 486.32h35.84c20.48 46.24 51.2 87.328 87.040 118.144-76.8 46.24-138.24 113.008-174.080 190.064h-256c0-169.52 138.24-308.208 307.2-308.208z"
        ],
        "attrs": [
          {
            "fill": "rgb(74, 144, 226)"
          }
        ],
        "isMulticolor": false,
        "isMulticolor2": false,
        "grid": 0,
        "tags": [
          "service-communiti"
        ],
        "colorPermutations": {
          "2032132251245166351255121136125525525516511751741442261941582341": [
            {
              "f": 2
            }
          ]
        }
      },
      "attrs": [
        {
          "fill": "rgb(74, 144, 226)"
        }
      ],
      "properties": {
        "order": 20,
        "id": 5,
        "name": "service-communiti",
        "prevSize": 32
      },
      "setIdx": 0,
      "setId": 5,
      "iconIdx": 18
    },
    {
      "icon": {
        "paths": [
          "M921.6 153.6h51.2c30.72 0 51.2 25.6 51.2 51.2v768c0 25.6-20.48 51.2-51.2 51.2h-921.6c-30.72 0-51.2-25.6-51.2-51.2v-768c0-25.6 25.6-51.2 51.2-51.2h102.4v-76.8c0-40.96 35.84-76.8 76.8-76.8s76.8 35.84 76.8 76.8v76.8h460.8v-76.8c0-40.96 35.84-76.8 76.8-76.8s76.8 35.84 76.8 76.8v76.8zM102.4 921.6h204.8v-204.8h-204.8v204.8zM307.2 614.4v-204.8h-204.8v204.8h204.8zM409.6 921.6h204.8v-204.8h-204.8v204.8zM614.4 614.4v-204.8h-204.8v204.8h204.8zM716.8 614.4h204.8v-204.8h-204.8v204.8z"
        ],
        "attrs": [
          {
            "fill": "rgb(74, 144, 226)"
          }
        ],
        "isMulticolor": false,
        "isMulticolor2": false,
        "grid": 0,
        "tags": [
          "service-svhedules"
        ],
        "colorPermutations": {
          "2032132251245166351255121136125525525516511751741442261941582341": [
            {
              "f": 2
            }
          ]
        }
      },
      "attrs": [
        {
          "fill": "rgb(74, 144, 226)"
        }
      ],
      "properties": {
        "order": 21,
        "id": 4,
        "name": "service-svhedules",
        "prevSize": 32
      },
      "setIdx": 0,
      "setId": 5,
      "iconIdx": 19
    },
    {
      "icon": {
        "paths": [
          "M1024 162.56c-35.127 15.997-75.876 27.646-118.607 32.885l-2.033 0.203c43.439-26.325 76.106-66.709 91.989-114.733l0.427-1.491c-38.429 23.193-83.159 40.87-130.809 50.49l-2.695 0.454c-38.438-40.712-92.778-66.056-153.037-66.056-116.148 0-210.304 94.156-210.304 210.304 0 16.776 1.964 33.092 5.675 48.733l-0.286-1.429c-174.968-9.044-328.876-92.154-432.118-218.33l-0.842-1.062c-17.87 30.273-28.427 66.706-28.427 105.605 0 72.569 36.745 136.557 92.645 174.37l0.742 0.473c-35.077-1.146-67.679-10.734-96.153-26.784l1.049 0.544c-2.176 97.216 67.584 188.224 168.704 208.576-16.511 4.652-35.473 7.326-55.059 7.326-14.097 0-27.871-1.385-41.193-4.027l1.339 0.221c27.683 84.107 104.753 144.080 196.081 145.853l0.207 0.003c-71.122 56.214-162.090 90.172-260.989 90.172-17.73 0-35.205-1.091-52.361-3.211l2.054 0.207c90.82 59.194 201.977 94.4 321.355 94.4 0.198 0 0.397-0 0.595-0l-0.030 0c390.208 0 610.56-329.472 597.184-624.96 41.356-30.007 76.172-66.046 103.939-107.23l0.957-1.506z"
        ],
        "attrs": [
          {
            "fill": "rgb(255, 255, 255)"
          }
        ],
        "isMulticolor": false,
        "isMulticolor2": false,
        "grid": 0,
        "tags": [
          "twitter"
        ],
        "colorPermutations": {
          "2032132251245166351255121136125525525516511751741442261941582341": [
            {
              "f": 6
            }
          ]
        }
      },
      "attrs": [
        {
          "fill": "rgb(255, 255, 255)"
        }
      ],
      "properties": {
        "order": 22,
        "id": 3,
        "name": "twitter",
        "prevSize": 32
      },
      "setIdx": 0,
      "setId": 5,
      "iconIdx": 20
    },
    {
      "icon": {
        "paths": [
          "M321.536 0l-150.869 145.237 380.928 366.763-380.928 366.763 150.869 145.237 531.797-512-531.797-512z"
        ],
        "attrs": [
          {
            "fill": "rgb(74, 144, 226)"
          }
        ],
        "isMulticolor": false,
        "isMulticolor2": false,
        "grid": 0,
        "tags": [
          "arrow-rigth — копия"
        ],
        "colorPermutations": {
          "2032132251245166351255121136125525525516511751741442261941582341": [
            {
              "f": 2
            }
          ]
        }
      },
      "attrs": [
        {
          "fill": "rgb(74, 144, 226)"
        }
      ],
      "properties": {
        "order": 23,
        "id": 2,
        "name": "arrow-rigth--",
        "prevSize": 32
      },
      "setIdx": 0,
      "setId": 5,
      "iconIdx": 21
    },
    {
      "icon": {
        "paths": [
          "M1024 321.536l-145.237-150.869-366.763 380.928-366.763-380.928-145.237 150.869 512 531.797 512-531.797z"
        ],
        "attrs": [
          {
            "fill": "rgb(74, 144, 226)"
          }
        ],
        "isMulticolor": false,
        "isMulticolor2": false,
        "grid": 0,
        "tags": [
          "arrow-down — копия"
        ],
        "colorPermutations": {
          "2032132251245166351255121136125525525516511751741442261941582341": [
            {
              "f": 2
            }
          ]
        }
      },
      "attrs": [
        {
          "fill": "rgb(74, 144, 226)"
        }
      ],
      "properties": {
        "order": 24,
        "id": 1,
        "name": "arrow-down--",
        "prevSize": 32
      },
      "setIdx": 0,
      "setId": 5,
      "iconIdx": 22
    },
    {
      "icon": {
        "paths": [
          "M702.464 1024l150.869-145.237-380.928-366.763 380.928-366.763-150.869-145.237-531.797 512 531.797 512z"
        ],
        "attrs": [
          {
            "fill": "rgb(74, 144, 226)"
          }
        ],
        "isMulticolor": false,
        "isMulticolor2": false,
        "grid": 0,
        "tags": [
          "arrow-left — копия"
        ],
        "colorPermutations": {
          "2032132251245166351255121136125525525516511751741442261941582341": [
            {
              "f": 2
            }
          ]
        }
      },
      "attrs": [
        {
          "fill": "rgb(74, 144, 226)"
        }
      ],
      "properties": {
        "order": 25,
        "id": 0,
        "name": "arrow-left--",
        "prevSize": 32
      },
      "setIdx": 0,
      "setId": 5,
      "iconIdx": 23
    }
  ],
  "height": 1024,
  "preferences": {
    "showGlyphs": true,
    "showQuickUse": true,
    "showQuickUse2": true,
    "showSVGs": true,
    "fontPref": {
      "prefix": "icon-",
      "metadata": {
        "fontFamily": "icomoon"
      },
      "metrics": {
        "emSize": 1024,
        "baseline": 6.25,
        "whitespace": 50
      },
      "embed": false
    },
    "imagePref": {
      "prefix": "icon-",
      "png": true,
      "useClassSelector": true,
      "color": 0,
      "bgColor": 16777215,
      "classSelector": ".icon",
      "name": "icomoon",
      "height": 32,
      "columns": 16,
      "margin": 16
    },
    "historySize": 50,
    "showCodes": true,
    "gridSize": 16
  }
}